zestyBoa4@gmail.com:zestyBoa4@gmail.com
cheerfulLocust7@gmail.com:cheerfulLocust7@gmail.com
unhappyChile6@gmail.com:unhappyChile6@gmail.com
somberBagels4@gmail.com:somberBagels4@gmail.com
pridefulSausage6@gmail.com:pridefulSausage6@gmail.com
lovesickStork9@gmail.com:lovesickStork9@gmail.com
anxiousLard8@gmail.com:anxiousLard8@gmail.com

needyPorpoise6@gmail.com:needyPorpoise6@gmail.com
awedMackerel0@gmail.com:awedMackerel0@gmail.com
cheerfulIguana6@gmail.com:cheerfulIguana6@gmail.com
culturedMussel9@gmail.com:culturedMussel9@gmail.com
anxiousCurlew1@gmail.com:anxiousCurlew1@gmail.com
alertBuzzard3@gmail.com:alertBuzzard3@gmail.com
wingedToucan9@gmail.com:wingedToucan9@gmail.com


alertDinosaur8@gmail.com:alertDinosaur8@gmail.com
kindWasp7@gmail.com:kindWasp7@gmail.com
wrathfulLemur2@gmail.com:wrathfulLemur2@gmail.com
wingedWeaver8@gmail.com:wingedWeaver8@gmail.com
pleasedBasmati3@gmail.com:pleasedBasmati3@gmail.com
morbidGarlic3@gmail.com:morbidGarlic3@gmail.com
pitifulChile7@gmail.com:pitifulChile7@gmail.com
selfishHare8@gmail.com:selfishHare8@gmail.com

anxiousSheep0@gmail.com:anxiousSheep0@gmail.com
needyEggs3@gmail.com:needyEggs3@gmail.com
pleasedClam3@gmail.com:pleasedClam3@gmail.com
drearyAbalone8@gmail.com:drearyAbalone8@gmail.com
pridefulCrackers5@gmail.com:pridefulCrackers5@gmail.com











ecstaticBuck9@gmail.com:ecstaticBuck9@gmail.com
cautiousPie9@gmail.com:cautiousPie9@gmail.com
